{"stat.useItem.152":7,"stat.useItem.276":14,"stat.useItem.23":4,"stat.walkOneCm":27490,"stat.useItem.157":2,"stat.killEntity.EntityHorse":4,"stat.useItem.159":4,"stat.leaveGame":11,"stat.killEntity.Wolf":1,"stat.useItem.28":3,"stat.useItem.122":1,"stat.jump":32,"stat.swimOneCm":21106,"achievement.exploreAllBiomes":{"value":0,"progress":["Plains"]},"stat.useItem.137":3,"stat.useItem.41":1,"achievement.openInventory":32,"stat.killEntity.Chicken":8,"stat.mobKills":43,"stat.useItem.46":2,"stat.useItem.98":3,"stat.flyOneCm":252257,"stat.useItem.12":17,"stat.useItem.143":1,"stat.drop":13,"stat.useItem.145":5,"stat.playOneMinute":28732,"stat.killEntity.Sheep":17,"stat.useItem.109":2,"stat.damageDealt":1780,"stat.killEntity.Cow":11,"stat.killEntity.Pig":2,"stat.diveOneCm":37685}