{"stats":{"minecraft:used":{"minecraft:structure_block":25,"minecraft:bedrock":1,"minecraft:lever":10,"minecraft:light_gray_banner":1,"minecraft:repeater":14,"minecraft:sand":52,"minecraft:anvil":1,"minecraft:command_block":75,"minecraft:oak_planks":4,"minecraft:oak_sign":39,"minecraft:smooth_stone_slab":29,"minecraft:redstone_block":67,"minecraft:smooth_stone":11,"minecraft:cobweb":12,"minecraft:gravel":19,"minecraft:obsidian":17},"minecraft:custom":{"minecraft:time_since_rest":52592,"minecraft:play_one_minute":52592,"minecraft:crouch_one_cm":2371,"minecraft:inspect_dropper":8,"minecraft:sprint_one_cm":8986,"minecraft:walk_one_cm":17946,"minecraft:sneak_time":6186,"minecraft:walk_under_water_one_cm":62592,"minecraft:drop":5,"minecraft:jump":97,"minecraft:leave_game":3,"minecraft:time_since_death":52592,"minecraft:walk_on_water_one_cm":22196,"minecraft:inspect_dispenser":2,"minecraft:fly_one_cm":564197},"minecraft:dropped":{"minecraft:light_gray_banner":1,"minecraft:command_block":3,"minecraft:bedrock":1}},"DataVersion":2586}